fight_id,fighter_a,fighter_b,predicted_prob_a,outcome_a,raw_delta,fight_date,close_flag,asof_frozen
islam-makhachev-jack-della-maddalena,Islam Makhachev,Jack Della Maddalena,0.5100,1,0.017122,2025-11-15,1,1
valentina-shevchenko-zhang-weili,Zhang Weili,Valentina Shevchenko,0.5100,0,0.013430,2025-11-15,1,1
michael-morales-sean-brady,Michael Morales,Sean Brady,0.5000,1,0.003059,2025-11-15,1,1
carlos-prates-leon-edwards,Carlos Prates,Leon Edwards,0.4300,1,-0.075961,2025-11-15,1,1
benoit-saint-denis-beneil-dariush,Benoit Saint Denis,Beneil Dariush,0.4600,1,-0.048762,2025-11-15,1,1
bo-nickal-rodolfo-vieira,Rodolfo Vieira,Bo Nickal,0.4300,0,-0.079302,2025-11-15,1,1
gregory-rodrigues-roman-kopylov,Roman Kopylov,Gregory Rodrigues,0.4500,0,-0.054274,2025-11-15,1,1
erin-blanchfield-tracy-cortez,Tracy Cortez,Erin Blanchfield,0.4700,0,-0.032260,2025-11-15,1,1
ethyn-ewing-malcolm-wellmaker,Ethyn Ewing,Malcolm Wellmaker,0.5000,1,0.000000,2025-11-15,1,0
kyle-daukaus-gerald-meerschaert,Kyle Daukaus,Gerald Meerschaert,0.5200,1,0.020126,2025-11-15,1,1
pat-sabatini-chepe-mariscal,Pat Sabatini,Chepe Mariscal,0.4400,1,-0.063836,2025-11-15,1,1
fatima-kline-angela-hill,Angela Hill,Fatima Kline,0.4500,0,-0.054616,2025-11-15,1,1
baisangur-susurkaev-eric-mcconico,Baisangur Susurkaev,Eric McConico,0.7800,1,0.364102,2025-11-15,0,1
matheus-camilo-viacheslav-borshchev,Viacheslav Borshchev,Matheus Camilo,0.5400,0,0.049979,2025-11-15,1,0
petr-yan-merab-dvalishvili,Petr Yan,Merab Dvalishvili,0.4500,1,-0.054318,2025-12-06,1,1
joshua-van-alexandre-pantoja,Alexandre Pantoja,Joshua Van,0.3500,0,-0.170896,2025-12-06,0,1
tatsuro-taira-brandon-moreno,Tatsuro Taira,Brandon Moreno,0.5000,1,0.001910,2025-12-06,1,1
payton-talbott-henry-cejudo,Payton Talbott,Henry Cejudo,0.5600,1,0.064740,2025-12-06,1,1
manuel-torres-grant-dawson,Manuel Torres,Grant Dawson,0.7300,1,0.281567,2025-12-06,0,1
chris-duncan-terrance-mckinney,Terrance McKinney,Chris Duncan,0.6900,0,0.232163,2025-12-06,0,1
maycee-barber-karine-silva,Maycee Barber,Karine Silva,0.5500,1,0.056418,2025-12-06,1,1
fares-ziam-nazim-sadykhov,Nazim Sadykhov,Fares Ziam,0.3900,0,-0.124523,2025-12-06,0,1
brunno-ferreira-marvin-vettori,Marvin Vettori,Brunno Ferreira,0.5500,0,0.059760,2025-12-06,1,1
jalin-turner-edson-barboza,Edson Barboza,Jalin Turner,0.5000,0,-0.003262,2025-12-06,1,1
iwo-baraniewski-ibo-aslan,Ibo Aslan,Iwo Baraniewski,0.2900,0,-0.260726,2025-12-06,0,0
mansur-abdul-malik-antonio-trocoli,Mansur Abdul-Malik,Antonio Trocoli,0.8300,1,0.462335,2025-12-06,0,1
mairon-santos-muhammad-naimov,Muhammad Naimov,Mairon Santos,0.4200,0,-0.090568,2025-12-06,1,1
justin-gaethje-paddy-pimblett,Paddy Pimblett,Justin Gaethje,0.5400,0,0.049171,2026-01-24,1,1
sean-o-malley-song-yadong,Song Yadong,Sean O'Malley,0.3600,0,-0.162351,2026-01-24,0,1
waldo-cortes-acosta-derrick-lewis,Waldo Cortes Acosta,Derrick Lewis,0.6800,1,0.220613,2026-01-24,0,1
natalia-silva-rose-namajunas,Rose Namajunas,Natalia Silva,0.3900,0,-0.126903,2026-01-24,0,1
jean-silva-arnold-allen,Jean Silva,Arnold Allen,0.4500,1,-0.054270,2026-01-24,1,1
umar-nurmagomedov-deiveson-figueiredo,Umar Nurmagomedov,Deiveson Figueiredo,0.7400,1,0.297228,2026-01-24,0,1
ateba-gautier-andrey-pulyaev,Ateba Gautier,Andrey Pulyaev,0.7700,1,0.340372,2026-01-24,0,1
nikita-krylov-modestas-bukauskas,Nikita Krylov,Modestas Bukauskas,0.6100,1,0.125730,2026-01-24,0,1
alex-perez-charles-johnson,Alex Perez,Charles Johnson,0.5400,1,0.041958,2026-01-24,1,1
josh-hokit-denzel-freeman,Josh Hokit,Denzel Freeman,0.6600,1,0.184551,2026-01-24,0,0
ty-miller-adam-fugitt,Adam Fugitt,Ty Miller,0.5000,0,0.000000,2026-01-24,1,0
alexander-volkanovski-diego-lopes,Diego Lopes,Alexander Volkanovski,0.2900,0,-0.259624,2026-01-31,0,1
benoit-saint-denis-dan-hooker,Benoit Saint Denis,Dan Hooker,0.5300,1,0.037737,2026-01-31,1,1
mauricio-ruffy-rafael-fiziev,Mauricio Ruffy,Rafael Fiziev,0.5100,1,0.014340,2026-01-31,1,1
tallison-teixeira-tai-tuivasa,Tai Tuivasa,Tallison Teixeira,0.2600,0,-0.300000,2026-01-31,0,1
quillan-salkilld-jamie-mullarkey,Jamie Mullarkey,Quillan Salkilld,0.3800,0,-0.135406,2026-01-31,0,1
billy-elekana-junior-tafa,Junior Tafa,Billy Elekana,0.6400,0,0.166154,2026-01-31,0,1
cam-rowston-cody-brundage,Cody Brundage,Cam Rowston,0.4800,0,-0.019035,2026-01-31,1,1
jacob-malkoun-torrez-finney,Jacob Malkoun,Torrez Finney,0.6600,1,0.184722,2026-01-31,0,1
jonathan-micallef-oban-elliott,Jonathan Micallef,Oban Elliott,0.4600,1,-0.048959,2026-01-31,1,1
kaan-ofli-yizha,Kaan Ofli,Yizha,0.4100,1,-0.108945,2026-01-31,1,1
dom-mar-fan-sangwook-kim,Sangwook Kim,Dom Mar Fan,0.5000,0,0.000000,2026-01-31,1,1
keiichiro-nakamura-sebastian-szalay,Keiichiro Nakamura,Sebastian Szalay,0.5000,1,0.000000,2026-01-31,1,1
lawrence-lui-sulangrangbo,Lawrence Lui,Sulangrangbo,0.5000,1,0.000000,2026-01-31,1,1
charles-oliveira-max-holloway,Max Holloway,Charles Oliveira,0.6600,0,0.185054,2026-03-07,0,1
caio-borralho-reinier-de-ridder,Caio Borralho,Reinier de Ridder,0.5400,1,0.045652,2026-03-07,1,1
raul-rosas-jr-rob-font,Raul Rosas Jr.,Rob Font,0.4900,1,-0.016198,2026-03-07,1,1
drew-dober-michael-johnson,Michael Johnson,Drew Dober,0.5500,0,0.059035,2026-03-07,1,1
gregory-rodrigues-brunno-ferreira,Gregory Rodrigues,Brunno Ferreira,0.5900,1,0.099364,2026-03-07,1,1
cody-garbrandt-xiao-long,Cody Garbrandt,Xiao Long,0.4400,1,-0.070417,2026-03-07,1,1
donte-johnson-cody-brundage,Cody Brundage,Donte Johnson,0.2000,0,-0.392824,2026-03-07,0,1
alberto-montes-ricky-turcios,Ricky Turcios,Alberto Montes,0.4900,0,-0.014219,2026-03-07,1,0
nyamjargal-tumendemberel-cody-durden,Cody Durden,Nyamjargal Tumendemberel,0.5100,0,0.013268,2026-03-07,1,1
sumudaerji-jesus-aguilar,Sumudaerji,Jesus Aguilar,0.5500,1,0.062206,2026-03-07,1,1
diyar-nurgozhay-rafael-tobias,Diyar Nurgozhay,Rafael Tobias,0.5000,1,0.000000,2026-03-07,1,0
rodolfo-bellato-luke-fernandez,Luke Fernandez,Rodolfo Bellato,0.5000,0,0.000000,2026-03-07,1,0
carlos-ulberg-jiri-prochazka,Jiri Prochazka,Carlos Ulberg,0.3400,0,-0.190185,2026-04-11,0,1
paulo-costa-azamat-murzakanov,Paulo Costa,Azamat Murzakanov,0.3700,1,-0.156909,2026-04-11,0,1
josh-hokit-curtis-blaydes,Josh Hokit,Curtis Blaydes,0.8400,1,0.481802,2026-04-11,0,1
dominick-reyes-johnny-walker,Johnny Walker,Dominick Reyes,0.4100,0,-0.100709,2026-04-11,1,1
cub-swanson-nate-landwehr,Nate Landwehr,Cub Swanson,0.4200,0,-0.096069,2026-04-11,1,1
aaron-pico-patricio-pitbull,Aaron Pico,Patricio Pitbull,0.7300,1,0.277051,2026-04-11,0,0
kevin-holland-randy-brown,Kevin Holland,Randy Brown,0.4600,1,-0.043457,2026-04-11,1,1
mateusz-gamrot-esteban-ribovics,Esteban Ribovics,Mateusz Gamrot,0.4900,0,-0.011689,2026-04-11,1,1
tatiana-suarez-loopy-godinez,Tatiana Suarez,Loopy Godinez,0.4900,1,-0.007153,2026-04-11,1,1
vicente-luque-kelvin-gastelum,Vicente Luque,Kelvin Gastelum,0.4700,1,-0.038359,2026-04-11,1,1
charles-radtke-francisco-prado,Charles Radtke,Francisco Prado,0.5700,1,0.078139,2026-04-11,1,1
chimaev-strickland,Sean Strickland,Khamzat Chimaev,0.5100,1,0.006992,2026-05-09,1,1
van-taira,Tatsuro Taira,Joshua Van,0.3700,0,-0.156678,2026-05-09,0,1
volkov-cortes,Alexander Volkov,Waldo Cortes Acosta,0.4900,1,-0.014231,2026-05-09,1,1
brady-buckley,Sean Brady,Joaquin Buckley,0.5700,1,0.076618,2026-05-09,1,1
green-stephens,King Green,Jeremy Stephens,0.6600,1,0.192550,2026-05-09,0,1
gautier-diaz,Ateba Gautier,Ozzy Diaz,0.5600,1,0.065350,2026-05-09,1,1
alvarez-amosov,Yaroslav Amosov,Joel Alvarez,0.4600,1,-0.049957,2026-05-09,1,0
dawson-rebecki,Grant Dawson,Mateusz Rebecki,0.4900,1,-0.014557,2026-05-09,1,1
miller-gordon,Jared Gordon,Jim Miller,0.6100,0,0.124908,2026-05-09,0,1
kopylov-tulio,Roman Kopylov,Marco Tulio,0.2700,1,-0.279381,2026-05-09,0,1
sabatini-gomis,William Gomis,Pat Sabatini,0.4400,0,-0.064701,2026-05-09,1,1
susurkaev-santos,Baisangur Susurkaev,Djorden Santos,0.5900,1,0.107585,2026-05-09,1,1
carpenter-ochoa,Jose Ochoa,Clayton Carpenter,0.4500,1,-0.053965,2026-05-09,1,1
joe-pyfer-israel-adesanya,Israel Adesanya,Joe Pyfer,0.5200,0,0.022526,2026-03-28,1,1
alexa-grasso-maycee-barber,Maycee Barber,Alexa Grasso,0.5800,0,0.091762,2026-03-28,1,1
michael-chiesa-niko-price,Niko Price,Michael Chiesa,0.4000,0,-0.119378,2026-03-28,1,1
lerryan-douglas-julian-erosa,Lerryan Douglas,Julian Erosa,0.9300,1,0.746923,2026-03-28,0,0
yousri-belgaroui-mansur-abdul-malik,Mansur Abdul-Malik,Yousri Belgaroui,0.3300,0,-0.208522,2026-03-28,0,1
terrance-mckinney-kyle-nelson,Kyle Nelson,Terrance McKinney,0.3000,0,-0.248787,2026-03-28,0,1
tofiq-musayev-ignacio-bahamondes,Tofiq Musayev,Ignacio Bahamondes,0.4500,1,-0.062409,2026-03-28,1,0
lance-gibson-jr-chase-hooper,Lance Gibson Jr.,Chase Hooper,0.3300,1,-0.203442,2026-03-28,0,0
tyrell-fortune-marcin-tybura,Marcin Tybura,Tyrell Fortune,0.5000,0,0.000000,2026-03-28,1,0
casey-o-neill-gabriella-fernandes,Gabriella Fernandes,Casey O'Neill,0.2700,0,-0.284977,2026-03-28,0,1
navajo-stirling-bruno-lopes,Bruno Lopes,Navajo Stirling,0.3000,0,-0.246126,2026-03-28,0,1
alexia-thainara-bruna-brasil,Alexia Thainara,Bruna Brasil,0.7200,1,0.268666,2026-03-28,0,1
arnold-allen-melquizael-costa,Arnold Allen,Melquizael Costa,0.4600,1,-0.046484,2026-05-16,1,1
dooho-choi-daniel-santos,Dooho Choi,Daniel Santos,0.5400,1,0.040354,2026-05-16,1,1
juan-diaz-malcolm-wellmaker,Juan Diaz,Malcolm Wellmaker,0.6300,1,0.146795,2026-05-16,0,0
modestas-bukauskas-christian-edwards,Modestas Bukauskas,Christian Edwards,0.5000,1,0.000000,2026-05-16,1,0
benardo-sopaj-timmy-cuamba,Benardo Sopaj,Timmy Cuamba,0.5300,1,0.035628,2026-05-16,1,1
khaos-williams-nikolay-veretennikov,Khaos Williams,Nikolay Veretennikov,0.5200,1,0.023519,2026-05-16,1,1
ivan-erslan-tuco-tokkos,Ivan Erslan,Tuco Tokkos,0.4300,1,-0.086006,2026-05-16,1,1
tommy-gantt-artur-minev,Tommy Gantt,Artur Minev,0.5000,1,0.000000,2026-05-16,1,0
ketlen-vieira-jacqueline-cavalcanti,Jacqueline Cavalcanti,Ketlen Vieira,0.7200,0,0.265528,2026-05-16,0,1
cody-brundage-andre-petroski,Andre Petroski,Cody Brundage,0.6200,0,0.134744,2026-05-16,0,1
alice-ardelean-polyana-viana,Alice Ardelean,Polyana Viana,0.6800,1,0.209618,2026-05-16,0,1
luis-gurule-daniel-barez,Daniel Barez,Luis Gurule,0.3500,0,-0.179072,2026-05-16,0,1
nicolle-caliari-shauna-bannon,Nicolle Caliari,Shauna Bannon,0.2300,1,-0.338333,2026-05-16,0,1
mario-bautista-vinicius-oliveira,Vinicius Oliveira,Mario Bautista,0.5800,0,0.094996,2026-02-07,1,1
kyoji-horiguchi-amir-albazi,Amir Albazi,Kyoji Horiguchi,0.3800,0,-0.136385,2026-02-07,0,1
rizvan-kuniev-jailton-almeida,Jailton Almeida,Rizvan Kuniev,0.4600,0,-0.041050,2026-02-07,1,1
michal-oleksiejczuk-marc-andre-barriault,Michal Oleksiejczuk,Marc-Andre Barriault,0.6000,1,0.111517,2026-02-07,1,1
farid-basharat-jean-matsumoto,Farid Basharat,Jean Matsumoto,0.6700,1,0.198051,2026-02-07,0,1
dustin-jacoby-julius-walker,Dustin Jacoby,Julius Walker,0.5400,1,0.045676,2026-02-07,1,1
daniil-donchenko-alex-morono,Alex Morono,Daniil Donchenko,0.1500,0,-0.500784,2026-02-07,0,0
nikolay-veretennikov-niko-price,Nikolay Veretennikov,Niko Price,0.4200,1,-0.093948,2026-02-07,1,1
ketlen-souza-bruna-brasil,Bruna Brasil,Ketlen Souza,0.4300,0,-0.079737,2026-02-07,1,1
javid-basharat-gianni-vazquez,Gianni Vazquez,Javid Basharat,0.5000,0,0.000000,2026-02-07,1,0
wang-cong-eduarda-moura,Eduarda Moura,Wang Cong,0.3100,0,-0.233186,2026-02-07,0,1
jakub-wiklacz-muin-gafurov,Jakub Wiklacz,Muin Gafurov,0.3700,1,-0.146055,2026-02-07,0,0
klaudia-sygula-priscila-cachoeira,Priscila Cachoeira,Klaudia Sygula,0.2600,0,-0.292168,2026-02-07,0,1
mike-malott-gilbert-burns,Gilbert Burns,Mike Malott,0.4200,0,-0.089545,2026-04-18,1,1
charles-jourdain-kyler-phillips,Kyler Phillips,Charles Jourdain,0.5500,0,0.060643,2026-04-18,1,1
jai-herbert-mandel-nallo,Jai Herbert,Mandel Nallo,0.1300,1,-0.541094,2026-04-18,0,0
jasmine-jasudavicius-karine-silva,Jasmine Jasudavicius,Karine Silva,0.5900,1,0.102417,2026-04-18,1,1
gauge-young-thiago-moises,Gauge Young,Thiago Moises,0.5900,1,0.101102,2026-04-18,1,1
marcio-barbosa-dennis-buzukja,Dennis Buzukja,Marcio Barbosa,0.3600,0,-0.169792,2026-04-18,0,0
robert-valentin-julien-leblanc,Robert Valentin,Julien Leblanc,0.5000,1,0.000000,2026-04-18,1,0
gokhan-saricam-tanner-boser,Gokhan Saricam,Tanner Boser,0.5000,1,0.000000,2026-04-18,1,0
melissa-croden-daria-zhelezniakova,Melissa Croden,Daria Zhelezniakova,0.4500,1,-0.056997,2026-04-18,1,1
jj-aldrich-jamey-lyn-horth,Jamey-Lyn Horth,JJ Aldrich,0.5900,0,0.105821,2026-04-18,1,1
john-yannis-jamie-siraj,Jamie Siraj,John Yannis,0.5000,0,0.000000,2026-04-18,1,0
carlos-prates-jack-della-maddalena,Jack Della Maddalena,Carlos Prates,0.6800,0,0.218058,2026-05-02,0,1
quillan-salkilld-beneil-dariush,Quillan Salkilld,Beneil Dariush,0.5400,1,0.045318,2026-05-02,1,1
steve-erceg-tim-elliott,Tim Elliott,Steve Erceg,0.6100,0,0.126150,2026-05-02,0,1
marwan-rahiki-ollie-schmid,Marwan Rahiki,Ollie Schmid,0.5000,1,0.000000,2026-05-02,1,0
brando-pericic-shamil-gaziev,Brando Pericic,Shamil Gaziev,0.8700,1,0.532656,2026-05-02,0,1
louie-sutherland-tai-tuivasa,Louie Sutherland,Tai Tuivasa,0.3700,1,-0.151599,2026-05-02,0,1
cam-rowston-robert-bryczek,Cam Rowston,Robert Bryczek,0.5300,1,0.039659,2026-05-02,1,1
junior-tafa-kevin-christian,Junior Tafa,Kevin Christian,0.6600,1,0.186771,2026-05-02,0,1
jacob-malkoun-gerald-meerschaert,Gerald Meerschaert,Jacob Malkoun,0.2700,0,-0.280525,2026-05-02,0,1
colby-thicknesse-vince-morales,Vince Morales,Colby Thicknesse,0.4700,0,-0.036921,2026-05-02,1,1
wes-schultz-ben-johnston,Ben Johnston,Wes Schultz,0.5000,0,0.000000,2026-05-02,1,0
jonathan-micallef-themba-gorimbo,Themba Gorimbo,Jonathan Micallef,0.6400,0,0.163487,2026-05-02,0,1
kody-steele-dom-mar-fan,Kody Steele,Dom Mar Fan,0.0900,1,-0.646090,2026-05-02,0,1
kevin-vallejos-josh-emmett,Kevin Vallejos,Josh Emmett,0.5900,1,0.099976,2026-03-14,1,1
gillian-robertson-amanda-lemos,Amanda Lemos,Gillian Robertson,0.4200,0,-0.090575,2026-03-14,1,1
jose-delgado-andre-fili,Jose Delgado,Andre Fili,0.6500,1,0.175935,2026-03-14,0,1
marwan-rahiki-harry-hardwick,Marwan Rahiki,Harry Hardwick,0.9000,1,0.634530,2026-03-14,0,0
ion-cutelaba-oumar-sy,Ion Cutelaba,Oumar Sy,0.3300,1,-0.198067,2026-03-14,0,1
charles-johnson-bruno-silva,Bruno Silva,Charles Johnson,0.4200,0,-0.093981,2026-03-14,1,1
myktybek-orolbai-chris-curtis,Myktybek Orolbai,Chris Curtis,0.5200,1,0.027970,2026-03-14,1,1
vitor-petrino-steven-asplund,Vitor Petrino,Steven Asplund,0.3200,1,-0.214844,2026-03-14,0,1
elijah-smith-suyoung-you,Elijah Smith,SuYoung You,0.4400,1,-0.073571,2026-03-14,1,1
manoel-sousa-bolaji-oki,Manoel Sousa,Bolaji Oki,0.4600,1,-0.046375,2026-03-14,1,0
eryk-anders-brad-tavares,Eryk Anders,Brad Tavares,0.4700,1,-0.032222,2026-03-14,1,1
bia-mesquita-montse-rendon,Bia Mesquita,Montse Rendon,0.8500,1,0.497051,2026-03-14,0,0
hecher-sosa-luan-lacerda,Hecher Sosa,Luan Lacerda,0.5000,1,0.000000,2026-03-14,1,0
piera-rodriguez-sam-hughes,Piera Rodriguez,Sam Hughes,0.6100,1,0.133483,2026-03-14,0,1
movsar-evloev-lerone-murphy,Movsar Evloev,Lerone Murphy,0.5700,1,0.077240,2026-03-21,1,1
luke-riley-michael-aswell-jr,Michael Aswell Jr.,Luke Riley,0.6700,0,0.207031,2026-03-21,0,0
michael-page-sam-patterson,Michael Page,Sam Patterson,0.4800,1,-0.027514,2026-03-21,1,1
iwo-baraniewski-austen-lane,Iwo Baraniewski,Austen Lane,0.6500,1,0.171875,2026-03-21,0,1
christian-leroy-duncan-roman-dolidze,Roman Dolidze,Christian Leroy Duncan,0.3800,0,-0.136223,2026-03-21,0,1
danny-silva-kurtis-campbell,Danny Silva,Kurtis Campbell,0.2700,1,-0.286840,2026-03-21,0,0
mason-jones-axel-sola,Axel Sola,Mason Jones,0.7100,0,0.254017,2026-03-21,0,0
nathaniel-wood-losene-keita,Nathaniel Wood,Losene Keita,0.5000,1,0.000000,2026-03-21,1,0
mario-pinto-felipe-franco,Felipe Franco,Mario Pinto,0.3700,0,-0.151229,2026-03-21,0,0
mantas-kondratavicius-antonio-trocoli,Mantas Kondratavicius,Antonio Trocoli,0.9400,1,0.793205,2026-03-21,0,0
brando-pericic-louie-sutherland,Brando Pericic,Louie Sutherland,0.9200,1,0.710938,2026-03-21,0,0
abdul-kareem-al-selwady-shem-rock,Abdul-Kareem Al-Selwady,Shem Rock,0.5600,1,0.072832,2026-03-21,1,0
shanelle-dyer-ravena-oliveira,Ravena Oliveira,Shanelle Dyer,0.2700,0,-0.279551,2026-03-21,0,0
renato-moicano-chris-duncan,Renato Moicano,Chris Duncan,0.5400,1,0.040573,2026-04-04,1,1
virna-jandiroba-tabatha-ricci,Virna Jandiroba,Tabatha Ricci,0.5300,1,0.029909,2026-04-04,1,1
abdul-rakhman-yakhyaev-brendson-ribeiro,Brendson Ribeiro,Abdul Rakhman Yakhyaev,0.0500,0,-0.852188,2026-04-04,0,1
ethyn-ewing-rafael-estevam,Rafael Estevam,Ethyn Ewing,0.3800,0,-0.136614,2026-04-04,0,0
tommy-mcmillen-manolo-zecchini,Manolo Zecchini,Tommy McMillen,0.0700,0,-0.724679,2026-04-04,0,0
jose-delano-robert-ruchala,Robert Ruchala,Jose Delano,0.2000,0,-0.392505,2026-04-04,0,0
thomas-petersen-guilherme-pat,Thomas Petersen,Guilherme Pat,0.3400,1,-0.194316,2026-04-04,0,0
alessandro-costa-stewart-nicoll,Alessandro Costa,Stewart Nicoll,0.7000,1,0.245337,2026-04-04,0,1
darrius-flowers-lando-vannata,Darrius Flowers,Lando Vannata,0.3300,1,-0.197204,2026-04-04,0,1
alice-pereira-hailey-cowan,Hailey Cowan,Alice Pereira,0.4100,0,-0.099687,2026-04-04,1,0
tresean-gore-azamat-bekoev,Tresean Gore,Azamat Bekoev,0.4400,1,-0.066072,2026-04-04,1,1
dione-barbosa-melissa-gatto,Melissa Gatto,Dione Barbosa,0.4900,0,-0.014380,2026-04-04,1,1
kai-kamaka-iii-dakota-hope,Kai Kamaka III,Dakota Hope,0.5000,1,0.000000,2026-04-04,1,0
lone-er-kavanagh-brandon-moreno,Lone'er Kavanagh,Brandon Moreno,0.5400,1,0.040493,2026-02-28,1,1
david-martinez-marlon-vera,David Martinez,Marlon Vera,0.7200,1,0.263688,2026-02-28,0,1
king-green-daniel-zellhuber,Daniel Zellhuber,King Green,0.3300,0,-0.200453,2026-02-28,0,1
edgar-chairez-felipe-bunes,Edgar Chairez,Felipe Bunes,0.4800,1,-0.018533,2026-02-28,1,1
imanol-rodriguez-kevin-borjas,Imanol Rodriguez,Kevin Borjas,0.9600,1,0.883162,2026-02-28,0,0
santiago-luna-angel-pacheco,Angel Pacheco,Santiago Luna,0.4800,0,-0.025250,2026-02-28,1,0
ryan-gandra-jose-daniel-medina,Jose Daniel Medina,Ryan Gandra,0.0700,0,-0.728281,2026-02-28,0,0
ailin-perez-macy-chiasson,Ailin Perez,Macy Chiasson,0.6200,1,0.138062,2026-02-28,0,1
cristian-quinonez-kris-moutinho,Kris Moutinho,Cristian Quinonez,0.1200,0,-0.560983,2026-02-28,0,1
javier-reyes-douglas-silva-de-andrade,Javier Reyes,Douglas Silva de Andrade,0.9000,1,0.633047,2026-02-28,0,0
regina-tarin-ernesta-kareckaite,Ernesta Kareckaite,Regina Tarin,0.5000,0,0.000000,2026-02-28,1,0
francis-marshall-erik-silva,Erik Silva,Francis Marshall,0.5500,0,0.055156,2026-02-28,1,1
damian-pinas-wes-schultz,Damian Pinas,Wes Schultz,0.6800,1,0.211838,2026-02-28,0,0
manel-kape-brandon-royval,Manel Kape,Brandon Royval,0.5700,1,0.074719,2025-12-13,1,1
kevin-vallejos-giga-chikadze,Giga Chikadze,Kevin Vallejos,0.4800,0,-0.023873,2025-12-13,1,1
cezary-oleksiejczuk-cesar-almeida,Cesar Almeida,Cezary Oleksiejczuk,0.0900,0,-0.662031,2025-12-13,0,0
melquizael-costa-morgan-charriere,Morgan Charriere,Melquizael Costa,0.4300,0,-0.080496,2025-12-13,1,1
king-green-lance-gibson-jr,Lance Gibson Jr.,King Green,0.5000,0,0.000000,2025-12-13,1,0
yaroslav-amosov-neil-magny,Neil Magny,Yaroslav Amosov,0.5000,0,0.000000,2025-12-13,1,0
joanderson-brito-isaac-thomson,Isaac Thomson,Joanderson Brito,0.5000,0,0.000000,2025-12-13,1,0
steven-asplund-sean-sharaf,Sean Sharaf,Steven Asplund,0.0500,0,-0.846538,2025-12-13,0,0
luana-santos-melissa-croden,Melissa Croden,Luana Santos,0.6200,0,0.142014,2025-12-13,0,0
guilherme-pat-allen-frye-jr,Allen Frye Jr.,Guilherme Pat,0.5000,0,0.000000,2025-12-13,1,0
jamey-lyn-horth-tereza-bleda,Tereza Bleda,Jamey-Lyn Horth,0.4700,0,-0.039192,2025-12-13,1,1
aljamain-sterling-youssef-zalal,Aljamain Sterling,Youssef Zalal,0.5000,1,-0.000861,2026-04-25,1,1
joselyne-edwards-norma-dumont,Joselyne Edwards,Norma Dumont,0.4000,1,-0.111266,2026-04-25,1,1
rafa-garcia-alexander-hernandez,Alexander Hernandez,Rafa Garcia,0.4700,0,-0.038472,2026-04-25,1,1
davey-grant-adrian-luna-martinetti,Adrian Luna Martinetti,Davey Grant,0.6000,0,0.114809,2026-04-25,1,0
raoni-barcelos-montel-jackson,Montel Jackson,Raoni Barcelos,0.5400,0,0.048861,2026-04-25,1,1
ryan-spann-marcus-buchecha,Marcus Buchecha,Ryan Spann,0.5400,0,0.042179,2026-04-25,1,1
eric-mcconico-rodolfo-vieira,Eric McConico,Rodolfo Vieira,0.4700,1,-0.032214,2026-04-25,1,1
jackson-mcvey-sedriques-dumas,Sedriques Dumas,Jackson McVey,0.4700,0,-0.037740,2026-04-25,1,1
michelle-montague-mayra-bueno-silva,Mayra Bueno Silva,Michelle Montague,0.5300,0,0.033355,2026-04-25,1,0
cody-durden-jafel-filho,Cody Durden,Jafel Filho,0.4400,1,-0.073513,2026-04-25,1,1
francis-marshall-lucas-brennan,Lucas Brennan,Francis Marshall,0.5000,0,0.000000,2026-04-25,1,0
victor-valenzuela-max-griffin,Victor Valenzuela,Max Griffin,0.5000,1,0.000000,2026-04-25,1,0
talita-alencar-julia-polastri,Julia Polastri,Talita Alencar,0.4900,0,-0.006103,2026-04-25,1,1
sean-strickland-anthony-hernandez,Anthony Hernandez,Sean Strickland,0.5600,0,0.065702,2026-02-21,1,1
uros-medic-geoff-neal,Geoff Neal,Uros Medic,0.4300,0,-0.076539,2026-02-21,1,1
melquizael-costa-dan-ige,Melquizael Costa,Dan Ige,0.5900,1,0.103849,2026-02-21,1,1
serghei-spivac-ante-delija,Ante Delija,Serghei Spivac,0.6700,0,0.200427,2026-02-21,0,1
jacobe-smith-josiah-harrell,Jacobe Smith,Josiah Harrell,0.5000,1,0.000000,2026-02-21,1,0
michel-pereira-zach-reese,Zach Reese,Michel Pereira,0.4900,0,-0.008368,2026-02-21,1,1
carlos-leal-chidi-njokuani,Chidi Njokuani,Carlos Leal,0.5000,0,0.004483,2026-02-21,1,1
alden-coria-luis-gurule,Alden Coria,Luis Gurule,0.7800,1,0.356305,2026-02-21,0,0
joselyne-edwards-nora-cornolle,Joselyne Edwards,Nora Cornolle,0.5500,1,0.058557,2026-02-21,1,1
punahele-soriano-ramiz-brahimaj,Ramiz Brahimaj,Punahele Soriano,0.3600,0,-0.166472,2026-02-21,0,1
jean-paul-lebosnoyani-phil-rowe,Phil Rowe,Jean-Paul Lebosnoyani,0.5000,0,0.000000,2026-02-21,1,0
jordan-leavitt-yadier-del-valle,Jordan Leavitt,Yadier del Valle,0.2800,1,-0.272138,2026-02-21,0,1
carli-judice-juliana-miller,Juliana Miller,Carli Judice,0.3400,0,-0.183252,2026-02-21,0,1
arman-tsarukyan-dan-hooker,Dan Hooker,Arman Tsarukyan,0.4000,0,-0.116502,2025-11-22,1,1
ian-machado-garry-belal-muhammad,Ian Machado Garry,Belal Muhammad,0.5300,1,0.036834,2025-11-22,1,1
volkan-oezdemir-alonzo-menifield,Alonzo Menifield,Volkan Oezdemir,0.4300,0,-0.077825,2025-11-22,1,1
myktybek-orolbai-jack-hermansson,Myktybek Orolbai,Jack Hermansson,0.4500,1,-0.059792,2025-11-22,1,1
waldo-cortes-acosta-shamil-gaziev,Waldo Cortes Acosta,Shamil Gaziev,0.7000,1,0.247066,2025-11-22,0,1
kyoji-horiguchi-tagir-ulanbekov,Tagir Ulanbekov,Kyoji Horiguchi,0.4700,0,-0.031266,2025-11-22,1,1
luke-riley-bogdan-grad,Luke Riley,Bogdan Grad,0.5000,1,0.000000,2025-11-22,1,0
nicolas-dalby-saygid-izagakhmaev,Saygid Izagakhmaev,Nicolas Dalby,0.5000,0,0.000000,2025-11-22,1,0
asu-almabayev-alex-perez,Asu Almabayev,Alex Perez,0.4900,1,-0.010351,2025-11-22,1,1
abdul-rakhman-yakhyaev-rafael-cerqueira,Abdul Rakhman Yakhyaev,Rafael Cerqueira,0.9100,1,0.663516,2025-11-22,0,0
aleksandre-topuria-bekzat-almakhan,Bekzat Almakhan,Aleksandre Topuria,0.1600,0,-0.463750,2025-11-22,0,0
ismail-naurdiev-ryan-loder,Ismail Naurdiev,Ryan Loder,0.4800,1,-0.024560,2025-11-22,1,1
nurullo-aliev-shem-rock,Shem Rock,Nurullo Aliev,0.5000,0,0.000000,2025-11-22,1,0
denzel-freeman-marek-bujlo,Marek Bujlo,Denzel Freeman,0.5000,0,0.000000,2025-11-22,1,0
topuria-gaethje,Justin Gaethje,Ilia Topuria,0.3500,1,-0.180120,2026-06-14,0,1
pereira-gane,Alex Pereira,Ciryl Gane,0.4000,0,-0.114316,2026-06-14,1,1
o-malley-zahabi,Sean O'Malley,Aiemann Zahabi,0.5600,1,0.064526,2026-06-14,1,1
hokit-lewis,Josh Hokit,Derrick Lewis,0.7200,1,0.265990,2026-06-14,0,1
ruffy-chandler,Mauricio Ruffy,Michael Chandler,0.6100,1,0.133311,2026-06-14,0,1
nickal-daukaus,Kyle Daukaus,Bo Nickal,0.3300,0,-0.197807,2026-06-14,0,1
lopes-garcia,Steve Garcia,Diego Lopes,0.7400,0,0.293444,2026-06-14,0,1
kape-horiguchi,Manel Kape,Kyoji Horiguchi,0.4400,1,-0.074592,2026-06-20,1,1
cutelaba-stirling,Ion Cutelaba,Navajo Stirling,0.3300,0,-0.208112,2026-06-20,0,1
oliveira-fili,Vinicius Oliveira,Andre Fili,0.6400,1,0.162856,2026-06-20,0,1
